postId,numComments,created,score,upvoteRatio,numAwards,titleSentiment
t3_lumnae,7,1614536621,5,0.7,1,3
t3_luktxr,4,1614531955,4,0.72,1,2
t3_lu913g,11,1614493276,2,1.0,1,1
t3_lujvjn,4,1614529509,3,1.0,1,2
t3_luik32,4,1614525989,3,0.67,1,1
t3_luhido,7,1614523006,18,0.94,1,1
t3_lubqjf,2,1614504071,4,1.0,1,1
t3_lu27ak,7,1614475689,5,0.76,1,2
t3_lu85hp,21,1614491126,20,0.96,2,2
t3_lu6205,23,1614486569,10,0.82,1,1
t3_lu2p84,1,1614477353,1,0.5,1,1
t3_lu1qfa,0,1614474175,5,0.83,1,1
t3_ltsxoy,2,1614447022,3,1.0,1,1
t3_ltycmw,2,1614463194,4,1.0,1,1
t3_ltx372,3,1614459244,3,1.0,1,1
t3_ltww9f,3,1614458610,1,0.5,1,1
t3_ltwoqm,3,1614457963,4,0.72,1,2
t3_ltviqn,5,1614454469,2,1.0,1,1
t3_ltuz6m,13,1614452770,3,1.0,1,2
t3_lttvwh,9,1614449634,86,0.99,1,3
t3_lttrx8,0,1614449330,2,0.67,1,2
t3_lttkjz,10,1614448799,13,0.88,1,1
t3_ltpx5i,3,1614438236,8,0.82,1,2
t3_ltpwm6,0,1614438193,4,0.64,1,2
t3_ltphso,15,1614436930,1,0.5,1,1
t3_ltpf46,1,1614436693,3,1.0,1,2
t3_ltoiwa,0,1614433839,2,1.0,1,1
t3_ltnk9a,3,1614430550,12,0.92,1,2
t3_ltm6ml,47,1614425165,40,0.99,1,2
t3_ltm6h4,1,1614425149,3,1.0,1,2
t3_ltgt3g,3,1614402245,14,0.84,1,3
t3_ltfoi7,0,1614398237,2,1.0,1,2
t3_lten0i,0,1614394729,58,0.94,1,2
t3_ltduds,6,1614392031,3,0.67,1,2
t3_ltahj2,2,1614381136,2,1.0,1,2
t3_lt51wy,4,1614366093,11,0.92,1,2
t3_lt7pir,1,1614373228,3,0.67,1,2
t3_lt7a9r,4,1614372041,17,0.94,1,2
t3_lt6r94,8,1614370598,2,1.0,1,3
t3_lt35hv,11,1614361136,6,1.0,1,1
t3_lt1v1g,2,1614358372,19,0.91,1,2
t3_lt0qog,0,1614355397,3,1.0,1,2
t3_lsyceu,1,1614348368,3,0.75,1,2
t3_lsxjfx,5,1614345591,7,1.0,1,2
t3_lsuzen,52,1614335508,40,1.0,1,2
t3_lssz9h,9,1614326625,5,1.0,1,2
t3_lsr161,4,1614318152,17,0.85,1,1
t3_lsq8h9,1,1614315127,11,1.0,1,1
t3_lskukc,2,1614298023,3,1.0,1,2
t3_lsgws0,8,1614287186,50,0.96,1,3
t3_ls7jzg,1,1614262739,6,1.0,1,2
t3_ls9nqx,2,1614268458,2,0.67,1,2
t3_ls9hwk,5,1614268026,18,1.0,1,1
t3_ls5p8h,0,1614256849,7,0.8,1,2
t3_ls1724,2,1614239060,8,0.89,1,1
t3_ls13rj,5,1614238703,17,0.99,1,2
t3_lrzmr2,3,1614232767,2,1.0,1,2
t3_lrx6h5,2,1614224180,4,1.0,1,1
t3_lrp616,2,1614206431,21,0.92,1,1
t3_lrn59w,0,1614199827,12,0.79,1,2
t3_lrj051,2,1614189462,4,1.0,1,2
t3_lrlyp2,0,1614196868,5,0.83,1,2
t3_lrheoj,20,1614185556,5,1.0,1,1
t3_lrgah8,23,1614182694,5,1.0,1,1
t3_lrf2nk,4,1614179398,10,0.81,1,2
t3_lr1hkn,6,1614134358,13,1.0,1,2
t3_lqyqey,1,1614127857,19,1.0,2,1
t3_lqwucd,4,1614123847,3,0.75,1,1
t3_lqwlbv,0,1614123318,9,1.0,1,1
t3_lquzyu,2,1614119571,5,1.0,1,2
t3_lqstmc,0,1614113794,3,1.0,1,2
t3_lqrnas,13,1614110756,42,0.93,2,2
t3_lqp8qa,0,1614104730,2,1.0,1,3
t3_lqo07z,0,1614101618,8,0.9,1,1
t3_lqmzkn,4,1614099100,128,0.98,1,1
t3_lqjfil,4,1614089916,2,1.0,1,1
t3_lqioza,8,1614087758,1,0.37,1,2
t3_lqic6n,4,1614086664,2,1.0,1,1
t3_lqg9np,6,1614079838,62,0.99,1,1
t3_lqe0z4,1,1614071252,5,1.0,1,1
t3_lqdj34,3,1614069401,4,1.0,1,2
t3_lqbx2l,27,1614063611,18,0.96,1,2
t3_lqb8b5,10,1614061222,3,1.0,1,1
t3_lq6jfc,1,1614046345,5,1.0,1,2
t3_lpz7k6,1,1614026346,24,1.0,2,2
t3_lpzqfi,26,1614027588,101,0.99,1,2
t3_lpy07c,2,1614023493,2,1.0,1,1
t3_lpvfkh,4,1614017519,33,1.0,1,1
t3_lpx10t,2,1614021186,3,1.0,1,2
t3_lpuhcs,23,1614015344,14,0.94,1,3
t3_lpo233,8,1614000746,2,0.67,1,2
t3_lpo1tw,1,1614000723,1,0.25,1,2
t3_lpi4m5,10,1613979187,5,0.75,1,2
t3_lpaeff,3,1613952731,3,1.0,1,2
t3_lpa7d0,9,1613952150,83,1.0,2,2
t3_lp9t4j,7,1613950930,3,1.0,1,2
t3_lp85tx,19,1613945964,4,0.72,1,1
t3_lp8bjb,8,1613946433,6,0.86,1,2
t3_lp7zkw,46,1613945461,19,0.93,1,1
t3_lp62vn,39,1613939982,234,0.98,3,1
t3_lp4x7o,6,1613936828,10,0.92,1,1
t3_lp4c2y,4,1613935166,56,0.98,1,1
t3_lp45zd,10,1613934683,3,1.0,1,2
t3_loy3sa,2,1613917575,6,0.86,1,1
t3_lor7zj,20,1613890254,7,0.8,1,2
t3_lokp30,18,1613867133,54,1.0,1,2
t3_lojk14,9,1613863585,26,0.89,1,2
t3_loimih,1,1613860890,3,0.76,1,1
t3_lodj7l,7,1613846352,5,1.0,1,1
t3_lod2co,4,1613845076,37,0.95,1,1
t3_lo9ov0,10,1613835805,41,0.99,2,1
t3_lo6n9y,2,1613825953,3,1.0,1,2
t3_lnwc72,4,1613786011,15,1.0,1,2
t3_lo1scv,3,1613805227,41,1.0,1,2
t3_lo0wo2,4,1613801686,5,0.83,1,2
t3_lo0kps,18,1613800412,21,0.92,1,1
t3_lnyyir,2,1613794591,2,1.0,1,2
t3_lnv0ij,3,1613781870,8,1.0,1,1
t3_lnnlpb,2,1613761256,6,1.0,1,2
t3_lnt9d1,63,1613776805,62,0.93,2,2
t3_lnu7xo,5,1613779539,15,0.95,1,3
t3_lntqnz,0,1613778159,7,0.87,1,2
t3_lnph6b,11,1613765999,19,0.95,1,1
t3_lnjuyu,1,1613751889,8,1.0,1,1
t3_lnir8p,4,1613749111,2,0.6,1,3
t3_lnhsfz,1,1613746626,3,0.75,1,1
t3_lnh690,7,1613745009,3,1.0,1,2
t3_lngp53,3,1613743713,2,1.0,1,2
t3_lnfi6h,6,1613740272,4,1.0,1,1
t3_lnfc5m,17,1613739742,7,1.0,1,1
t3_lnf111,0,1613738758,1,0.5,1,1
t3_lncgf2,6,1613729447,4,1.0,1,1
t3_lndenf,8,1613733023,2,1.0,1,2
t3_lncqvd,33,1613730570,22,0.97,1,2
t3_lncawq,13,1613728875,64,0.98,2,1
t3_lnb0wh,3,1613723819,3,1.0,1,1
t3_ln0j2k,2,1613690853,6,1.0,1,1
t3_ln3aj6,0,1613698726,4,0.72,1,2
t3_ln8ch8,18,1613714160,15,0.9,1,1
t3_ln9xfm,12,1613719677,5,0.84,1,1
t3_ln8bgz,7,1613714077,2,1.0,1,2
t3_ln8429,30,1613713340,9,1.0,1,1
t3_ln74oz,1,1613710292,2,1.0,1,2
t3_ln4en0,5,1613702041,3,1.0,1,1
t3_ln1ed1,8,1613693247,5,0.84,1,1
t3_lmz748,12,1613687316,78,0.99,1,2
t3_lmxq8a,0,1613683574,12,1.0,1,1
t3_lmuvjx,10,1613676300,3,0.75,1,1
t3_lmuqki,28,1613675951,6,1.0,1,2
t3_lmukxw,10,1613675557,3,1.0,1,2
t3_lmpp2g,2,1613663312,3,1.0,1,1
t3_lmng6p,8,1613656972,2,1.0,1,2
t3_lmn6b0,2,1613656147,3,1.0,1,2
t3_lmn4uh,14,1613656008,11,0.92,1,1
t3_lmmo25,6,1613654532,5,0.83,1,2
t3_lmkefe,35,1613646636,8,0.89,1,1
t3_lmkd0h,1,1613646476,2,0.67,1,2
t3_lmjnka,23,1613643756,22,0.93,1,2
t3_lmgtls,2,1613633092,1,0.5,1,2
t3_lmd6mu,13,1613620846,3,0.67,1,1
t3_lmcvpn,17,1613619854,22,0.96,1,1
t3_lm6otr,9,1613601340,8,0.9,1,1
t3_lm23iv,0,1613589031,1,0.5,1,2
t3_lm5zqk,2,1613599422,2,1.0,1,1
t3_lm4u8o,0,1613596344,9,0.91,1,2
t3_lly90o,0,1613579055,5,1.0,1,2
t3_lm4y79,0,1613596633,9,0.91,1,1
t3_lly7po,47,1613578958,89,0.98,1,1
t3_llwc7n,7,1613574006,2,1.0,1,2
t3_llw7gx,1,1613573618,9,1.0,1,1
t3_llssxv,6,1613562764,7,0.8,1,1
t3_llw7ef,1,1613573612,6,1.0,1,2
t3_llvyxe,19,1613572972,82,0.99,1,2
t3_lluox1,3,1613569133,2,1.0,1,2
t3_llssjy,27,1613562726,1,0.26,1,1
t3_lloh4d,1,1613545450,6,1.0,1,1
t3_ll8smn,0,1613496359,3,1.0,1,1
t3_lllkvc,1,1613534497,4,0.8,1,1
t3_lllbe0,6,1613533589,3,1.0,1,2
t3_llfoq5,10,1613515374,11,1.0,1,1
t3_lle4nq,4,1613510884,2,1.0,1,3
t3_lld3g4,1,1613508071,3,1.0,1,1
t3_lld2vc,0,1613508027,6,0.86,1,2
t3_llb85z,10,1613502929,1,0.4,1,2
t3_llb2s3,2,1613502516,4,1.0,1,2
t3_llb0km,0,1613502350,4,1.0,1,1
t3_ll8mlz,7,1613495899,8,0.9,1,2
t3_ll82o1,0,1613494477,5,0.83,1,2
t3_ll6aca,28,1613489660,197,0.99,6,1
t3_ll5u3u,8,1613488354,3,1.0,1,2
t3_ll43jx,4,1613483176,4,1.0,1,3
t3_ll3s7o,10,1613482120,3,1.0,1,1
t3_ll3mbf,3,1613481537,2,1.0,1,2
t3_ll3c57,39,1613480509,26,1.0,1,2
t3_ll2ams,3,1613476513,7,0.88,1,2
t3_ll199x,2,1613472030,7,0.88,1,2
t3_lkz9dl,3,1613462904,4,1.0,1,2
t3_lktt9g,0,1613443327,2,0.6,1,2
t3_lkyte5,8,1613460947,2,1.0,1,2
t3_lkyadp,39,1613458812,14,0.9,1,2
t3_lkwco9,5,1613451644,6,0.86,1,2
t3_lkvvne,10,1613450012,10,0.85,1,3
t3_lkufzd,7,1613445328,3,0.67,1,2
t3_lktqkx,4,1613443115,2,0.67,1,1
t3_lkpzo0,14,1613431208,72,1.0,1,2
t3_lkkuwq,3,1613416865,2,1.0,1,3
t3_lkhwf6,10,1613408739,2,1.0,1,1
t3_lkfuk5,55,1613402845,87,0.96,2,2
t3_lke94c,2,1613397756,6,1.0,1,2
t3_lkbz2e,26,1613388997,9,0.91,1,3
t3_lk5i49,6,1613362757,2,1.0,1,2
t3_lk8gaf,12,1613374032,20,0.96,1,1
t3_lk16v0,18,1613348438,110,0.99,1,1
t3_ljurwx,22,1613329272,55,0.95,2,1
t3_ljvm00,28,1613331653,5,0.83,1,3
t3_ljtify,7,1613325656,4,0.8,1,1
t3_ljy700,4,1613339208,2,1.0,1,2
t3_ljxwz4,6,1613338365,8,0.89,1,2
t3_ljxipg,7,1613337177,2,1.0,1,2
t3_ljvc80,0,1613330882,2,0.67,1,1
t3_ljtp5d,7,1613326183,8,0.77,1,2
t3_ljsi1s,1,1613322790,6,1.0,1,2
t3_ljnzxu,4,1613307724,3,1.0,1,1
t3_ljms7v,12,1613302171,5,0.84,1,1
t3_ljmkwi,11,1613301132,49,0.98,1,1
t3_ljlznn,0,1613298047,8,0.9,1,1
t3_ljkxil,2,1613292503,4,1.0,1,2
t3_ljev64,5,1613268278,2,1.0,1,1
t3_ljak57,2,1613254155,2,1.0,1,2
t3_lj49fv,3,1613235502,3,1.0,1,2
t3_lj48pz,0,1613235439,2,1.0,1,1
t3_ljhrl3,4,1613278767,27,0.92,1,2
t3_ljgezq,5,1613273715,3,0.75,1,1
t3_ljbewd,8,1613256824,1,0.46,2,2
t3_ljb7lx,8,1613256189,3,0.67,1,2
t3_ljazwk,1,1613255520,2,1.0,1,1
t3_ljawc1,1,1613255205,2,0.57,1,2
t3_lj7inp,9,1613245193,6,1.0,1,2
t3_lj4wbh,57,1613237389,59,0.97,1,2
t3_lj3sbl,8,1613234012,4,1.0,1,1
t3_lj3rqp,20,1613233961,20,1.0,1,2
t3_lj0pod,13,1613223566,7,0.88,1,2
t3_lj03x6,4,1613221099,4,1.0,1,1
t3_lisehs,0,1613187783,3,1.0,1,2
t3_limazh,0,1613168404,7,1.0,1,2
t3_lin8gn,10,1613171071,13,1.0,1,3
t3_lixx5o,0,1613210998,4,1.0,1,3
t3_lix3b9,5,1613206962,7,0.88,1,1
t3_liwghh,15,1613203873,68,0.94,1,1
t3_likw39,7,1613164342,3,1.0,1,2
t3_lik2g2,7,1613162007,14,1.0,1,1
t3_lijn31,46,1613160813,19,0.96,1,2
t3_lij42o,0,1613159368,2,1.0,1,2
t3_liiepu,4,1613157395,6,0.78,1,2
t3_lih52z,0,1613154083,11,0.92,1,1
t3_librjq,15,1613139035,10,1.0,1,2
t3_lia9s0,5,1613133719,5,0.84,1,1
t3_li9nfw,8,1613131206,125,0.99,2,2
t3_li9ce2,4,1613129822,3,1.0,1,1
t3_li4lr4,6,1613107928,3,1.0,1,1
t3_lhsfqc,7,1613071638,1,0.29,1,1
t3_lhqwyw,22,1613067664,9,1.0,1,2
t3_lhr8es,29,1613068508,192,0.99,2,2
t3_lhjfm3,0,1613045440,9,0.91,1,1
t3_lhi1q1,40,1613039587,3,0.63,1,1
t3_lhhomw,3,1613037995,18,0.91,1,2
t3_lhgft4,7,1613032619,5,1.0,1,1
t3_lhfj2t,5,1613028443,2,0.67,1,1
t3_lh0ktw,10,1612982796,7,0.88,1,2
t3_lh0id7,5,1612982621,4,1.0,1,2
t3_lgzepn,51,1612979837,51,1.0,1,2
t3_lgyqxy,7,1612978134,7,1.0,1,2
t3_lgtskc,5,1612964303,5,1.0,1,1
t3_lgr8zb,0,1612954439,3,1.0,1,2
t3_lgqqsu,10,1612952148,26,1.0,1,2
t3_lgk5p0,2,1612925236,6,1.0,1,2
t3_lgd0wn,5,1612903643,5,0.75,1,1
t3_lgcpck,12,1612902741,3,1.0,1,1
t3_lg4ugv,7,1612882119,26,0.97,1,2
t3_lg4jdw,1,1612881187,2,1.0,1,2
t3_lg4iw6,12,1612881146,83,1.0,2,1
t3_lg3bgp,23,1612877288,1,0.29,1,2
t3_lg2b25,4,1612873605,6,0.86,1,2
t3_lfl0x8,0,1612816210,2,1.0,1,1
t3_lfrk2g,2,1612834935,2,1.0,1,3
t3_lfyu4q,13,1612862839,3,1.0,1,1
t3_lfwbu6,3,1612851634,6,1.0,1,1
t3_lfty2n,0,1612842794,6,0.86,1,2
t3_lfo5wi,0,1612824676,19,0.96,1,1
t3_lfng1v,26,1612822632,107,0.98,1,2
t3_lfkuoo,9,1612815749,4,1.0,1,2
t3_lfk5xk,5,1612813985,4,1.0,1,2
t3_lfgjbd,10,1612804468,28,1.0,1,1
t3_lffmg9,10,1612802110,96,0.97,1,1
t3_lfdedp,5,1612795980,41,0.99,2,1
t3_lfcvtl,7,1612794440,4,1.0,1,1
t3_lfc41m,3,1612792031,4,1.0,1,2
t3_lfbyq5,5,1612791545,3,1.0,1,2
t3_lfaow3,18,1612786957,41,1.0,2,1
t3_lf8x4g,2,1612779381,5,1.0,1,2
t3_lf8whe,5,1612779301,2,1.0,1,2
t3_lf89pi,11,1612776454,3,1.0,1,1
t3_lf7f3u,12,1612772530,2,1.0,1,2
t3_lf4h1h,10,1612760280,2,1.0,1,1
t3_lf2cfm,54,1612753128,236,0.97,4,1
t3_lf0df3,5,1612746294,39,1.0,1,2
t3_leyl0h,2,1612740602,1,0.5,1,2
t3_levjue,2,1612731954,2,0.67,1,2
t3_lexe03,0,1612737133,2,1.0,1,2
t3_leurdz,11,1612729705,60,0.96,1,1
t3_letz0g,1,1612727474,2,1.0,1,2
t3_letlez,4,1612726411,3,1.0,1,1
t3_lekwji,1,1612697851,1,0.5,1,2
t3_le9taq,7,1612654337,2,0.66,1,2
t3_lesg2a,3,1612723183,5,1.0,1,2
t3_lerlup,8,1612720873,5,0.84,1,2
t3_lenm99,4,1612708658,9,1.0,1,3
t3_lelgm3,1,1612700356,30,0.97,1,1
t3_lelbr5,19,1612699743,4,0.81,1,1
t3_lefcz2,22,1612672288,11,1.0,1,1
t3_lebc2s,0,1612658981,1,0.5,1,2
t3_le63sh,11,1612643464,10,1.0,2,2
t3_le52t5,3,1612640539,6,1.0,1,2
t3_ldfd52,0,1612554038,2,1.0,1,2
t3_le3450,11,1612635025,37,0.97,1,2
t3_le24wn,8,1612632292,11,0.92,1,1
t3_le01yz,9,1612626235,18,0.95,1,1
t3_ldxyoh,51,1612619318,246,0.89,1,2
t3_ldrtsw,6,1612593771,4,1.0,1,1
t3_ldrsmz,8,1612593631,9,1.0,1,1
t3_ldr5c1,7,1612590823,6,0.86,1,2
t3_ldoqqb,9,1612581677,54,0.96,1,2
t3_ldngbp,1,1612577343,40,0.88,1,1
t3_ldmobc,6,1612574772,4,1.0,1,1
t3_ldiryk,2,1612563288,5,0.84,1,1
t3_ldirs0,11,1612563271,2,1.0,1,2
t3_ldfvl7,6,1612555367,5,1.0,1,2
t3_ldfctn,4,1612554023,2,1.0,1,1
t3_lda36w,0,1612540485,32,1.0,2,2
t3_ld9j5k,26,1612538936,46,1.0,1,3
t3_ld8280,6,1612534749,2,1.0,1,1
t3_ld7zd2,38,1612534501,12,0.93,1,2
t3_ld7mpr,18,1612533454,151,0.98,3,2
t3_ld7l8n,2,1612533311,2,1.0,1,1
t3_lcvngq,2,1612487693,7,1.0,1,1
t3_lcvjm2,7,1612487374,7,0.88,1,2
t3_lcq3cj,19,1612472630,1,0.4,1,2
t3_lcnffp,0,1612466035,2,1.0,1,2
t3_lcn4l8,0,1612465290,7,0.88,1,2
t3_lcmsdc,6,1612464488,59,0.95,2,2
t3_lclz0h,4,1612462380,4,0.72,1,2
t3_lclneb,6,1612461589,18,1.0,1,1
t3_lckpy3,3,1612459207,6,1.0,1,1
t3_lckllb,3,1612458895,2,1.0,1,1
t3_lc0yik,7,1612393354,3,1.0,1,2
t3_lc27wg,1,1612396905,2,1.0,1,2
t3_lc9pvs,0,1612420954,4,0.81,1,1
t3_lcj04j,2,1612454941,72,1.0,1,2
t3_lcgcsr,7,1612447608,2,1.0,1,2
t3_lce951,4,1612440376,4,1.0,1,1
t3_lccpos,3,1612433758,3,1.0,1,2
t3_lccdvn,5,1612432293,2,1.0,1,1
t3_lcbejk,63,1612427928,46,0.94,1,2
t3_lcah0t,0,1612424123,6,1.0,1,1
t3_lc94aq,0,1612418577,3,1.0,1,1
t3_lc8r7o,6,1612417241,4,0.72,1,3
t3_lc5yvl,6,1612407979,6,0.85,1,2
t3_lby2ei,2,1612385869,3,0.75,1,2
t3_lbwff7,23,1612381837,97,0.98,1,1
t3_lbueqw,5,1612376938,5,0.84,1,2
t3_lbssto,8,1612373110,6,1.0,1,1
t3_lbpnsx,0,1612365189,4,1.0,1,2
t3_lbnypc,7,1612360411,2,0.6,1,2
t3_lbln76,20,1612351956,29,0.98,1,1
t3_lbm0ux,4,1612353564,3,1.0,1,2
t3_lbnfhy,0,1612358669,2,1.0,1,2
t3_lbmr1t,8,1612356302,3,1.0,1,2
t3_lbl2kd,2,1612349583,2,1.0,1,2
t3_lbkmmz,13,1612347579,122,0.98,2,3
t3_lbjzwv,0,1612344848,16,0.95,1,2
t3_lbijec,11,1612338283,3,0.75,1,2
t3_lb9sy8,11,1612308586,6,0.86,1,2
t3_lb75k9,1,1612301725,6,1.0,1,2
t3_lb42yi,3,1612294030,3,1.0,1,2
t3_lb5jod,4,1612297706,14,0.93,1,1
t3_lb52wg,1,1612296530,6,1.0,2,1
t3_lb3p0o,22,1612293064,29,1.0,1,2
t3_lazqk3,3,1612283404,2,1.0,1,2
t3_lazom8,1,1612283274,2,1.0,1,2
t3_laxvr8,10,1612279006,115,0.99,1,1
t3_laj91q,0,1612227067,7,1.0,1,1
t3_lau3oz,12,1612267656,4,0.8,1,2
t3_lapmis,29,1612248274,8,0.71,1,2
t3_lagdft,3,1612219118,47,0.98,1,2
t3_lafygk,18,1612218062,2,1.0,1,2
t3_laeesj,6,1612214209,6,1.0,1,2
t3_labdzn,33,1612206904,157,0.97,5,2
t3_la9glq,3,1612202336,6,0.78,1,2
t3_la4mpu,3,1612190764,3,1.0,1,2
t3_la5ekl,10,1612192713,4,1.0,1,2
t3_la3qsy,3,1612188257,57,1.0,1,1
t3_la2ws0,11,1612185690,1,0.4,1,1
t3_l9zhkj,3,1612172339,2,1.0,1,1
t3_l9gli7,1,1612112887,2,1.0,1,1
t3_l9tsm2,0,1612150584,3,1.0,1,2
t3_l9wggt,9,1612159718,12,0.83,1,2
t3_l9u4wc,0,1612151705,7,1.0,1,2
t3_l9tz8n,8,1612151178,2,0.67,1,1
t3_l9p8d8,1,1612136326,5,1.0,1,2
t3_l9ohho,32,1612134116,152,0.99,6,1
t3_l9jkh7,1,1612120637,21,1.0,1,2
t3_l9flyy,4,1612110209,4,1.0,1,2
t3_l9exee,20,1612108282,5,0.74,1,2
t3_l9etgg,0,1612107970,4,0.81,1,1
t3_l9b049,13,1612094442,8,1.0,1,2
t3_l95h2e,6,1612070691,8,0.82,1,1
t3_l99xc8,18,1612089583,30,0.93,1,3
t3_l997c6,1,1612086233,52,0.97,2,1
t3_l96ik9,1,1612074577,6,0.86,1,1
t3_l90noj,1,1612054977,5,1.0,1,1
t3_l8xckt,8,1612045363,6,1.0,1,2
t3_l8rw6q,2,1612030832,17,1.0,1,2
t3_l8qy0n,9,1612028440,10,0.91,1,2
t3_l8ommq,13,1612022494,2,0.56,1,2
t3_l8mb8a,26,1612015342,107,0.98,1,1
t3_l8biku,0,1611973639,3,1.0,1,1
t3_l8bdkh,1,1611973211,13,0.88,1,2
t3_l85o5h,14,1611957897,33,0.92,2,1
t3_l82yxw,2,1611951488,2,1.0,1,2
t3_l7zu7m,5,1611944434,14,0.84,1,1
t3_l7w65e,9,1611936101,72,0.98,1,1
t3_l7ufqn,6,1611932068,37,0.97,1,1
t3_l7ocmb,20,1611912443,38,0.87,1,1
t3_l7f85b,2,1611883687,2,1.0,1,1
t3_l7khmk,17,1611898468,6,1.0,1,1
t3_l7jae9,5,1611894861,3,1.0,1,3
t3_l7chte,7,1611876718,19,1.0,1,2
t3_l799ig,3,1611868956,16,0.95,1,2
t3_l786s4,9,1611866558,16,1.0,1,2
t3_l75rwy,7,1611861357,51,0.92,2,3
t3_l73nzm,4,1611856065,7,0.88,1,2
t3_l725u0,2,1611852917,5,0.84,1,2
t3_l6xued,46,1611843813,39,0.97,2,2
t3_l6z3x1,0,1611846508,2,1.0,1,1
t3_l6w9z9,4,1611839699,3,1.0,1,2
t3_l6vrsr,12,1611838126,3,1.0,1,2
t3_l6tw5x,8,1611831196,1,0.5,1,2
t3_l6hugo,3,1611790717,14,0.93,1,1
t3_l6rcqh,16,1611820776,44,0.98,1,2
t3_l6qzf2,31,1611819259,41,0.95,1,1
t3_l6l1ef,29,1611799217,27,0.93,1,2
t3_l6jpxf,84,1611795565,30,0.87,1,2
t3_l6dhms,2,1611778930,2,1.0,1,2
t3_l6c4wj,2,1611775007,16,1.0,1,1
t3_l69n3p,7,1611768404,8,1.0,1,2
t3_l6921e,0,1611767008,2,1.0,1,2
t3_l66g32,17,1611760283,47,0.99,1,2
t3_l65ylk,3,1611758906,1,0.5,1,1
t3_l6509e,3,1611755861,3,1.0,1,1
t3_l64pph,5,1611754896,3,1.0,1,1
t3_l64owv,27,1611754822,8,1.0,1,2
t3_l64k3s,8,1611754392,6,1.0,1,1
t3_l62xdg,2,1611748391,4,1.0,1,2
t3_l62cv0,9,1611745978,3,1.0,1,2
t3_l6196e,5,1611741398,2,1.0,1,1
t3_l60p6a,3,1611739116,31,1.0,1,1
t3_l5xep6,4,1611725668,8,1.0,1,1
t3_l5v54i,8,1611717703,3,1.0,1,1
t3_l5tnym,54,1611712937,21,0.82,1,1
t3_l5oert,12,1611697168,21,1.0,1,1
t3_l5ms1x,2,1611692771,2,1.0,1,2
t3_l5mj0r,16,1611692078,80,0.99,2,2
t3_l5llkz,4,1611689610,4,1.0,1,1
t3_l5ldyf,0,1611689053,4,1.0,1,2
t3_l5kdsy,3,1611686360,2,1.0,1,1
t3_l5j9pv,2,1611683385,6,1.0,1,1
t3_l5el7k,6,1611669762,21,1.0,1,2
t3_l5ejcg,9,1611669614,24,1.0,1,1
t3_l5e8ja,14,1611668608,9,1.0,1,1
t3_l5cb8p,19,1611661176,3,0.75,1,1
t3_l59tz4,5,1611650078,4,1.0,1,2
t3_l54yus,2,1611631182,3,1.0,1,2
t3_l51ocx,69,1611620559,62,0.99,1,2
t3_l4zs0q,17,1611614960,13,0.78,2,3
t3_l4yshw,3,1611612172,2,0.67,1,2
t3_l4w9xu,1,1611605290,2,0.67,1,1
t3_l4v1ux,7,1611602030,39,0.97,1,1
t3_l4tb3q,6,1611597434,23,0.94,1,2
t3_l4qzop,4,1611591146,3,1.0,1,2
t3_l4qdkx,8,1611589420,16,0.95,1,3
t3_l4pjhy,2,1611586958,3,1.0,1,1
t3_l4pdmp,15,1611586471,21,0.88,1,3
t3_l4p1dz,8,1611585372,4,1.0,1,2
t3_l4odm8,17,1611583209,82,0.97,2,2
t3_l4lgly,4,1611571424,19,1.0,1,1
t3_l4l8r3,71,1611570472,28,0.75,1,2
t3_l4azg4,0,1611532427,3,1.0,1,1
t3_l4f47o,5,1611546043,4,1.0,1,2
t3_l4dx8t,8,1611542031,10,1.0,1,2
t3_l4dso4,4,1611541610,3,1.0,1,2
t3_l4c1q0,6,1611535858,4,1.0,1,2
t3_l47xk4,2,1611523239,48,0.96,1,1
t3_l46om0,2,1611519533,6,0.86,1,1
t3_l45528,9,1611513570,17,1.0,1,2
t3_l44j56,3,1611511835,2,1.0,1,1
t3_l44dpd,0,1611511303,16,1.0,1,1
t3_l42x1p,0,1611506831,10,1.0,1,1
t3_l42oep,2,1611506120,11,1.0,1,2
t3_l42lkk,48,1611505891,29,0.92,1,1
t3_l3ywvl,34,1611492870,56,0.84,1,2
t3_l3uhwq,7,1611471202,6,0.78,1,1
t3_l3t4tm,3,1611465261,22,0.93,1,2
t3_l3xqeg,5,1611487466,2,0.67,1,2
t3_l3w998,1,1611479992,3,1.0,1,1
t3_l3tg2x,2,1611466593,4,1.0,1,2
t3_l3rghl,0,1611458807,30,1.0,1,1
t3_l3pylf,6,1611453430,11,1.0,1,1
t3_l3omec,2,1611448779,30,1.0,1,1
t3_l3i5j1,26,1611428778,11,1.0,1,1
t3_l3ay7p,1,1611403518,3,1.0,1,2
t3_l3ap21,1,1611402271,64,0.98,1,2
t3_l39gkk,9,1611395972,13,1.0,1,1
t3_l38d50,2,1611390281,8,1.0,1,2
t3_l37427,3,1611384285,9,0.91,1,1
t3_l2yphm,10,1611354441,2,1.0,1,2
t3_l2prxr,0,1611328721,20,1.0,1,1
t3_l2qi12,4,1611330926,4,1.0,1,2
t3_l2wzvw,26,1611349435,97,1.0,1,4
t3_l2uy1u,14,1611343480,65,0.97,1,1
t3_l2sata,31,1611336024,6,1.0,1,2
t3_l2p3mk,3,1611326602,61,1.0,1,1
t3_l2osw7,3,1611325673,34,1.0,1,2
t3_l2mzd9,8,1611319456,4,1.0,1,3
t3_l2j7ik,4,1611302965,2,1.0,1,2
t3_l2lw7o,8,1611315128,7,1.0,1,2
t3_l2lmuf,9,1611314045,3,1.0,1,2
t3_l2hdx8,35,1611294960,20,0.91,1,2
t3_l2etee,4,1611285462,2,1.0,1,2
t3_l2imue,10,1611300319,7,0.88,1,1
t3_l2holn,2,1611296150,2,1.0,1,1
t3_l2dw9j,13,1611282306,1,0.5,1,2
t3_l2ahey,11,1611271214,9,1.0,1,2
t3_l2a8a4,16,1611270435,2,1.0,1,1
t3_l2a22l,18,1611269935,59,0.95,1,2
t3_l286kk,8,1611264322,3,1.0,1,2
t3_l246jw,5,1611253289,4,1.0,1,2
t3_l22dmh,84,1611248107,43,0.9,1,2
t3_l20avo,3,1611241980,8,1.0,1,2
t3_l1yuj0,4,1611237160,8,1.0,1,1
t3_l1xmwi,5,1611232595,2,1.0,1,2
t3_l1xcay,16,1611231360,44,0.98,2,1
t3_l1wiwz,11,1611227721,3,1.0,1,2
t3_l1w8hx,33,1611226430,22,0.97,1,1
t3_l1r39o,3,1611203732,3,1.0,1,2
t3_l1nljh,3,1611191872,17,0.81,3,2
t3_l1lkx8,3,1611185683,9,1.0,1,1
t3_l1jrj5,10,1611180284,1,0.5,1,1
t3_l1i5bz,1,1611175646,1,0.5,1,1
t3_l1fw2c,8,1611169349,13,1.0,1,3
t3_l1d0hi,1,1611161472,3,1.0,1,1
t3_l1eq0a,2,1611166128,2,1.0,1,2
t3_l1eg5b,14,1611165411,21,0.96,1,3
t3_l19w34,5,1611151828,1,0.33,1,2
t3_l18elk,9,1611146445,3,1.0,1,2
t3_l1872w,2,1611145586,2,1.0,1,2
t3_l17hox,34,1611142539,98,0.99,2,1
t3_l16qqp,21,1611139178,8,0.82,1,1
t3_l14t4e,3,1611129978,6,0.86,1,2
t3_l0s19r,0,1611086951,2,1.0,1,1
t3_l0zgz7,5,1611109281,5,0.84,1,2
t3_l0ypih,34,1611106737,51,0.98,1,2
t3_l0wfgu,3,1611099579,17,0.91,1,1
t3_l0u04g,8,1611092485,8,1.0,1,1
t3_l0rpm4,9,1611086066,6,1.0,1,1
t3_l0ra9z,1,1611084837,6,0.86,1,1
t3_l0nagk,0,1611073793,2,1.0,1,2
t3_l0mr87,2,1611072234,10,1.0,1,2
t3_l0khyu,2,1611065299,2,1.0,1,2
t3_l0ibwv,2,1611056944,4,1.0,1,1
t3_l0huvz,39,1611054834,52,1.0,1,2
t3_l0hpd2,2,1611054192,4,0.81,1,1
t3_l0gt6l,13,1611050146,8,0.9,1,1
t3_l0ffyi,8,1611043733,8,0.9,1,2
t3_l0f6be,9,1611042512,14,0.94,1,3
t3_l0ei0t,35,1611039623,12,0.93,1,2
t3_l0cn8u,8,1611032229,4,0.8,1,1
t3_l0ay1y,4,1611026311,6,0.86,1,2
t3_l0955t,4,1611020342,5,0.83,1,1
t3_l04ccs,17,1611005488,117,0.99,1,2
t3_l03dy1,3,1611002755,7,1.0,1,2
t3_l02qgy,2,1611000889,6,1.0,1,2
t3_kzymtd,31,1610989273,11,0.92,1,2
t3_kzzzwm,5,1610993163,9,1.0,1,2
t3_kzzh3y,8,1610991696,3,1.0,1,2
t3_kzxjh5,0,1610986067,2,1.0,1,1
t3_kzxif1,6,1610985974,2,1.0,1,2
t3_kzw3ss,0,1610981635,2,1.0,1,1
t3_kzujyw,1,1610976140,3,1.0,1,1
t3_kzv668,3,1610978444,43,0.95,1,2
t3_kzui59,9,1610975941,6,0.99,1,1
t3_kztvet,11,1610973430,17,0.91,1,2
t3_kzspes,7,1610968305,4,1.0,1,2
t3_kzr6il,57,1610961149,158,0.99,1,3
t3_kzr0ov,2,1610960398,4,1.0,1,2
t3_kzeppg,16,1610916722,1,0.42,1,1
t3_kzeyun,1,1610917467,18,0.92,1,2
t3_kzh9ov,2,1610924481,2,1.0,1,2
t3_kzjp4w,2,1610932394,2,1.0,1,2
t3_kzo09h,1,1610947407,8,0.89,1,2
t3_kzl586,2,1610937287,3,1.0,1,1
t3_kzk3ye,29,1610933805,17,0.95,1,1
t3_kzjpkb,9,1610932433,3,1.0,1,1
t3_kzj4ua,1,1610930543,3,1.0,1,2
t3_kzg66t,2,1610921058,2,1.0,1,1
t3_kzfazl,63,1610918478,125,0.97,1,1
t3_kza49h,11,1610902956,13,1.0,1,2
t3_kz8ww8,0,1610899175,2,1.0,1,1
t3_kz85f7,3,1610896634,7,1.0,1,2
t3_kz6vmi,7,1610891913,3,1.0,1,1
t3_kz6t28,14,1610891627,8,0.82,1,3
t3_kz3rfb,4,1610877481,58,1.0,1,1
t3_kz347f,21,1610874081,17,0.91,1,3
t3_kyupp7,3,1610841750,4,1.0,1,1
t3_kz0s0b,0,1610863206,22,1.0,1,2
t3_kyxedf,9,1610850776,14,0.89,1,2
t3_kywke2,4,1610847918,26,0.96,1,2
t3_kytrgt,13,1610838684,4,0.81,1,1
t3_kyqu2h,29,1610829351,23,0.89,1,2
t3_kypsi8,8,1610826182,39,0.97,1,2
t3_kyooep,4,1610822805,2,0.67,1,3
t3_kykoym,9,1610810388,4,1.0,1,2
t3_kyngb6,7,1610819096,6,1.0,1,1
t3_kynf5z,13,1610819003,80,0.98,1,2
t3_kymwdc,5,1610817406,2,1.0,1,1
t3_kymvrz,5,1610817357,10,1.0,1,1
t3_kykma4,1,1610810116,4,1.0,1,2
t3_kyjr9l,1,1610806967,3,1.0,1,2
t3_kyiht2,0,1610801877,2,1.0,1,2
t3_kyh56i,49,1610795457,20,0.85,1,1
t3_ky9r6g,2,1610763409,2,1.0,1,1
t3_kydybo,2,1610779550,6,0.78,1,2
t3_kydus7,8,1610779109,2,0.67,1,2
t3_ky9nuz,4,1610763080,4,0.8,1,1
t3_ky9jzh,13,1610762711,30,1.0,1,1
t3_ky4y23,4,1610747890,29,0.98,1,2
t3_ky4fns,4,1610746404,10,0.92,1,1
t3_ky0wop,4,1610736279,19,0.92,1,2
t3_ky1mxy,3,1610738357,4,1.0,1,1
t3_ky0ol6,11,1610735661,18,1.0,1,2
t3_kxwbcy,0,1610723203,2,1.0,1,1
t3_kxzc4t,2,1610731907,3,0.75,1,2
t3_kxyfg1,4,1610729430,90,0.99,1,1
t3_kxxkg9,32,1610726942,37,1.0,1,2
t3_kxx238,1,1610725454,6,1.0,1,3
t3_kxwf2y,22,1610723499,13,1.0,1,1
t3_kxw9k0,17,1610723057,6,0.79,1,2
t3_kxvhf4,6,1610720571,2,1.0,1,1
t3_kxsgtn,11,1610708850,8,0.9,1,2
t3_kxsb74,3,1610708187,3,1.0,1,2
t3_kxrt3h,5,1610705890,4,1.0,1,2
t3_kxrk45,3,1610704773,2,1.0,1,2
t3_kxrhdo,3,1610704411,2,1.0,1,2
t3_kxp9vt,0,1610694093,4,1.0,1,1
t3_kxm2yp,6,1610681738,3,0.75,1,2
t3_kxinju,16,1610670065,9,0.91,2,1
t3_kxh4p9,3,1610665223,1,0.5,1,3
t3_kxfa7s,8,1610659849,6,1.0,1,2
t3_kxdz7g,7,1610655989,4,1.0,1,1
t3_kxdr7x,7,1610655335,129,0.98,2,3
t3_kxdfjb,6,1610654416,4,1.0,1,2
t3_kxd9z4,6,1610653972,29,0.97,1,2
t3_kx5gg1,3,1610630260,4,0.71,1,2
t3_kx5642,0,1610629208,53,0.97,1,2
t3_kx4352,3,1610624530,14,0.89,1,1
t3_kx2jrc,9,1610617248,106,0.97,1,1
t3_kx2glk,11,1610616797,5,0.84,1,2
t3_kwvt14,12,1610589925,4,1.0,1,1
t3_kwvcwe,8,1610588431,38,0.97,1,1
t3_kwscs6,4,1610579007,3,1.0,1,1
t3_kwph6x,7,1610570731,2,1.0,1,2
t3_kwjhdt,11,1610554041,1,0.5,1,2
t3_kwl0mc,2,1610558298,4,1.0,1,3
t3_kwm075,5,1610560950,15,0.9,1,1
t3_kwn19d,33,1610563819,11,0.92,1,2
t3_kwln06,1,1610559945,2,1.0,1,2
t3_kwldon,40,1610559256,67,0.95,1,3
t3_kwkipl,3,1610556970,4,1.0,1,2
t3_kwkfw3,2,1610556741,2,1.0,1,2
t3_kwi1t9,2,1610549961,3,1.0,1,2
t3_kwft13,6,1610542238,3,1.0,1,2
t3_kwdlpy,6,1610532611,2,1.0,1,2
t3_kwbm73,1,1610522824,2,0.67,1,2
t3_kwa4ig,2,1610516413,2,1.0,1,2
t3_kwbly7,4,1610522793,15,1.0,1,2
t3_kwb9yg,12,1610521316,47,1.0,1,1
t3_kw9dlp,17,1610513631,26,0.94,1,2
t3_kw6i9p,2,1610503616,3,1.0,1,1
t3_kw4jo3,3,1610497093,11,1.0,1,2
t3_kw16bb,0,1610486911,38,0.96,1,1
t3_kvv65q,1,1610469644,2,1.0,1,2
t3_kvuhcv,9,1610467580,11,0.92,1,2
t3_kvvrmx,4,1610471346,5,0.84,1,1
t3_kvvgxu,10,1610470518,45,0.99,1,1
t3_kvv5nb,2,1610469600,2,1.0,1,1
t3_kvu4pc,0,1610466509,1,0.5,1,2
t3_kvsuco,9,1610462314,10,1.0,1,1
t3_kvstsm,3,1610462263,6,1.0,1,2
t3_kvql8z,6,1610453835,6,0.86,1,2
t3_kvp09w,9,1610446482,2,1.0,1,2
t3_kvjzs7,9,1610424526,3,1.0,1,1
t3_kvmmq3,14,1610434817,31,0.9,1,2
t3_kvkcxo,4,1610425810,6,0.86,1,2
t3_kvdn45,14,1610403544,11,0.86,1,1
t3_kvc61x,9,1610399335,22,0.96,2,1
t3_kv9glv,0,1610391957,2,0.67,1,1
t3_kv9b5x,5,1610391575,5,1.0,1,2
t3_kv8ibd,0,1610389322,6,1.0,1,2
t3_kv2ziq,27,1610372963,88,0.99,2,2
t3_kv1dwb,1,1610366718,3,1.0,1,1
t3_kv0vpv,10,1610364506,23,1.0,1,2
t3_kv0giq,5,1610362547,4,1.0,1,2
t3_kv05x6,4,1610361101,4,1.0,1,2
t3_kuzt8q,6,1610359462,14,1.0,1,1
t3_kuyxqe,2,1610355176,1,0.5,1,1
t3_kuzb1z,2,1610357007,4,1.0,1,1
t3_kuu3fo,3,1610335445,7,1.0,1,2
t3_kuxney,6,1610349122,20,0.88,1,1
t3_kuu0dc,12,1610335142,80,0.95,2,1
t3_kupmff,16,1610320429,2,1.0,1,2
t3_kumwdj,7,1610312481,16,1.0,1,2
t3_kuj1k9,1,1610300787,2,1.0,1,2
t3_kumh1q,5,1610311230,2,1.0,1,1
t3_kuj5k5,3,1610301140,3,1.0,1,1
t3_kudlvq,9,1610281513,4,1.0,1,2
t3_kue237,3,1610283621,2,1.0,1,1
t3_kufrbm,29,1610290502,13,1.0,1,2
t3_kuhc3x,2,1610295573,2,1.0,1,2
t3_kugook,2,1610293507,4,1.0,1,2
t3_kugbhb,6,1610292291,4,1.0,1,3
t3_kufba4,4,1610288702,9,0.9,1,1
t3_kubvhy,5,1610273021,58,0.95,1,3
t3_ku7j8b,12,1610253498,56,1.0,1,1
t3_ku788z,2,1610252345,14,1.0,1,1
t3_ku4u0u,2,1610243826,7,1.0,1,1
t3_ku4h81,2,1610242575,8,0.9,1,3
t3_ktypwj,1,1610224136,3,1.0,1,2
t3_ku0wua,14,1610231018,4,0.81,1,1
t3_ku0uwi,8,1610230855,3,1.0,1,1
t3_ku0t9m,0,1610230721,4,1.0,1,2
t3_ktzagy,0,1610225945,6,0.73,1,1
t3_ktyxj4,1,1610224791,3,1.0,1,2
t3_ktyw9s,7,1610224684,2,1.0,1,2
t3_ktv38t,3,1610213158,2,0.6,1,3
t3_ktuizj,25,1610211561,72,0.97,1,3
t3_ktddm9,3,1610144648,5,1.0,1,1
t3_ktfprk,2,1610151810,5,0.84,1,1
t3_ktnl0t,13,1610183077,10,0.84,1,1
t3_ktn3wd,7,1610180633,4,1.0,1,2
t3_kth9f5,8,1610157103,53,1.0,1,1
t3_ktfjdr,8,1610151217,4,0.67,1,1
t3_ktc027,17,1610140601,7,0.81,1,2
t3_ktaumz,35,1610137277,22,1.0,1,2
t3_kta7kv,24,1610135478,5,0.84,1,1
t3_kt8k6z,14,1610130823,27,1.0,1,2
t3_kt650l,0,1610124038,3,1.0,1,1
t3_kt5h7a,0,1610122097,2,1.0,1,1
t3_kt3vpw,0,1610117368,6,1.0,1,1
t3_kt3r6b,3,1610116959,6,1.0,1,2
t3_kt3mvf,26,1610116564,133,1.0,2,2
t3_kt3elr,3,1610115840,5,0.84,1,1
t3_kt2jo6,6,1610112928,3,0.58,1,2
t3_kt1oml,5,1610109548,5,1.0,1,2
t3_kt1b3n,10,1610108015,36,0.97,1,1
t3_ksuexw,25,1610077685,74,0.78,1,2
t3_ksu8nl,4,1610077068,3,1.0,1,1
t3_kssmqj,4,1610071501,6,0.86,1,3
t3_ksras4,3,1610067121,3,1.0,1,2
t3_ksqyds,2,1610065962,14,1.0,1,1
t3_kspehh,0,1610061074,23,1.0,1,1
t3_ksm5v0,7,1610051864,7,0.88,1,2
t3_kslq3j,19,1610050689,6,1.0,1,2
t3_ksknww,67,1610047777,105,1.0,1,2
t3_kskcb7,3,1610046911,4,0.81,1,2
t3_ksgi65,54,1610036232,16,0.76,1,2
t3_ksgh0j,19,1610036139,18,1.0,1,2
t3_ksf9rk,5,1610032641,3,0.75,1,2
t3_ksemm1,2,1610030716,8,0.9,1,1
t3_ksea4h,20,1610029588,10,1.0,1,1
t3_ksbedp,7,1610018606,5,0.75,1,2
t3_ks8c4q,24,1610004892,35,1.0,1,1
t3_ks3ve0,27,1609987811,15,0.95,1,1
t3_krsa2n,3,1609953404,2,1.0,1,2
t3_krssq3,10,1609954812,2,1.0,1,1
t3_krs3nn,5,1609952937,3,0.75,1,1
t3_krptmz,86,1609946275,130,1.0,2,1
t3_krp6o6,7,1609944287,4,0.81,1,1
t3_krp2co,35,1609943899,1,0.32,1,2
t3_kroev5,7,1609941715,58,0.96,1,1
t3_kro3hm,0,1609940586,3,1.0,1,1
t3_kr9q3j,12,1609886326,7,1.0,1,3
t3_kr8mg2,10,1609883087,15,1.0,1,1
t3_kr7yq1,3,1609881244,3,1.0,1,2
t3_kre2is,8,1609899749,3,1.0,1,2
t3_krdwe8,20,1609899202,29,0.97,1,1
t3_krco6v,16,1609895250,16,0.9,1,3
t3_kr6kyb,4,1609877394,4,1.0,1,2
t3_kr5vj1,5,1609875451,35,1.0,1,1
t3_kr5llj,2,1609874682,4,0.81,1,2
t3_kr5kvi,1,1609874626,2,1.0,1,2
t3_kr5bj9,5,1609873883,32,1.0,1,1
t3_kr567o,6,1609873465,3,1.0,1,2
t3_kr4egg,16,1609871346,4,0.71,1,1
t3_kqgkv1,1,1609790576,2,1.0,1,1
t3_kqwe7j,2,1609844967,2,0.67,1,1
t3_kr35oe,22,1609867936,11,0.71,1,1
t3_kr15f2,2,1609862395,3,1.0,1,2
t3_kr02zr,39,1609859073,183,0.97,3,2
t3_kqutap,104,1609838183,26,1.0,1,1
t3_kqsw1k,28,1609830015,16,0.95,2,2
t3_kqmfps,10,1609807495,34,1.0,2,1
t3_kqkfrp,3,1609801470,27,0.91,1,3
t3_kqixcg,4,1609797129,3,1.0,1,2
t3_kqecs5,3,1609784299,6,1.0,1,2
t3_kqd9wi,6,1609781202,12,0.92,3,2
t3_kqc5ci,109,1609777931,301,0.98,1,1
t3_kqb9s9,11,1609775294,14,0.93,1,2
t3_kq7ntd,17,1609762751,5,0.84,1,1
t3_kq78i9,27,1609761107,20,0.92,1,2
t3_kq5v5w,2,1609754773,4,1.0,1,1
t3_kppher,11,1609697461,12,0.92,1,3
t3_kq22xr,5,1609737849,4,1.0,1,2
t3_kpx6xp,37,1609721115,15,0.82,1,1
t3_kpvrvq,3,1609716464,11,1.0,1,2
t3_kpt3in,0,1609708060,3,1.0,1,1
t3_kpsvoy,4,1609707424,21,0.95,1,3
t3_kpsowi,0,1609706845,3,0.75,1,1
t3_kpsavb,0,1609705717,17,1.0,1,2
t3_kpqzik,0,1609701858,6,1.0,1,1
t3_kpq22s,19,1609699182,6,0.78,1,2
t3_kpp363,37,1609696326,158,0.99,2,2
t3_kpoiqi,7,1609694599,3,1.0,1,2
t3_kpo64a,0,1609693491,2,0.67,1,2
t3_kpni1a,55,1609691361,1,0.05,1,1
t3_kpm57h,3,1609686705,6,1.0,1,2
t3_kplzjx,35,1609686148,9,0.75,1,2
t3_kpllnf,8,1609684566,9,1.0,1,1
t3_kpj6fn,2,1609673661,5,0.84,1,1
t3_kpimsk,69,1609671077,87,0.99,1,3
t3_kphu9u,0,1609666869,4,0.71,1,2
t3_kp3ld8,4,1609614935,5,0.84,1,3
t3_kp2mzw,0,1609612012,10,0.92,1,1
t3_kphi7u,53,1609665036,23,0.82,1,1
t3_kpek1s,6,1609651685,16,0.95,1,2
t3_kpdprn,6,1609648411,7,1.0,1,2
t3_kp074y,16,1609604314,20,0.96,1,1
t3_koz625,0,1609600860,5,0.84,1,1
t3_kohr4z,2,1609530830,8,1.0,1,3
t3_kojyx1,1,1609537976,6,1.0,1,2
t3_kouc4d,2,1609578025,4,1.0,1,2
t3_kou777,5,1609577285,1,0.43,1,2
t3_kosavb,5,1609568044,6,1.0,1,2
t3_korhyi,12,1609564672,144,0.99,6,2
t3_kopegm,4,1609556589,32,0.96,1,1
t3_kop4zh,2,1609555630,18,1.0,1,1
t3_koicwp,4,1609532788,5,0.84,1,2
t3_koguav,18,1609527871,137,0.99,2,1
t3_kofwxc,9,1609524799,8,0.82,1,1
t3_kodi4e,0,1609516654,15,1.0,1,1
t3_kodga9,7,1609516469,36,1.0,1,1
t3_kobq4x,4,1609509684,4,1.0,1,2
t3_ko968z,12,1609496868,12,0.83,1,2
t3_ko6ir5,32,1609482117,145,0.98,1,2
t3_ko56tl,0,1609476345,6,1.0,1,3
t3_knyr2p,3,1609451108,8,0.9,1,2
